epoch,epoch_val_accuracy,epoch_val_loss,step,train_loss,val_accuracy,val_loss
0,0.3828125,1.5074207782745361,10,,0.3828125,1.5074207782745361
1,0.34375,2.470991611480713,21,,0.34375,2.470991611480713
2,0.3671875,3.5423061847686768,32,,0.3671875,3.5423061847686768
3,0.34375,7.2291693687438965,43,,0.34375,7.2291693687438965
4,,,49,16.45423698425293,,
4,0.328125,9.343846321105957,54,,0.328125,9.343846321105957
5,0.421875,10.81650161743164,65,,0.421875,10.81650161743164
6,0.4453125,16.631441116333008,76,,0.4453125,16.631441116333008
7,0.3828125,20.511940002441406,87,,0.3828125,20.511940002441406
8,0.4375,16.463640213012695,98,,0.4375,16.463640213012695
9,,,99,11.902937889099121,,
9,0.2890625,49.24528884887695,109,,0.2890625,49.24528884887695
10,0.453125,17.510915756225586,120,,0.453125,17.510915756225586
11,0.296875,6.38183069229126,131,,0.296875,6.38183069229126
12,0.3125,5.815610408782959,142,,0.3125,5.815610408782959
13,,,149,10.643206596374512,,
13,0.3359375,12.579205513000488,153,,0.3359375,12.579205513000488
14,0.359375,14.892486572265625,164,,0.359375,14.892486572265625
15,0.34375,25.315433502197266,175,,0.34375,25.315433502197266
16,0.296875,58.12556457519531,186,,0.296875,58.12556457519531
17,0.40625,37.3122673034668,197,,0.40625,37.3122673034668
18,,,199,9.348326683044434,,
18,0.4296875,11.762367248535156,208,,0.4296875,11.762367248535156
19,0.4140625,45.21100616455078,219,,0.4140625,45.21100616455078
20,0.46875,13.503748893737793,230,,0.46875,13.503748893737793
21,0.3671875,5.760284900665283,241,,0.3671875,5.760284900665283
22,,,249,26.358022689819336,,
22,0.2734375,4.570535182952881,252,,0.2734375,4.570535182952881
23,0.4140625,7.668978691101074,263,,0.4140625,7.668978691101074
24,0.375,9.6761474609375,274,,0.375,9.6761474609375
25,0.4453125,14.802946090698242,285,,0.4453125,14.802946090698242
26,0.4453125,10.47803783416748,296,,0.4453125,10.47803783416748
27,,,299,13.951250076293945,,
27,0.390625,54.59323501586914,307,,0.390625,54.59323501586914
28,0.34375,57.27800369262695,318,,0.34375,57.27800369262695
29,0.390625,15.031574249267578,329,,0.390625,15.031574249267578
30,0.4453125,34.24017333984375,340,,0.4453125,34.24017333984375
31,,,349,16.525218963623047,,
31,0.265625,8.713225364685059,351,,0.265625,8.713225364685059
32,0.3515625,8.302935600280762,362,,0.3515625,8.302935600280762
33,0.4296875,4.772152900695801,373,,0.4296875,4.772152900695801
34,0.359375,7.854705810546875,384,,0.359375,7.854705810546875
35,0.3671875,9.120863914489746,395,,0.3671875,9.120863914489746
36,,,399,11.216055870056152,,
36,0.4375,7.815211296081543,406,,0.4375,7.815211296081543
37,0.4140625,13.263097763061523,417,,0.4140625,13.263097763061523
38,0.4375,9.832609176635742,428,,0.4375,9.832609176635742
39,0.3984375,33.66065979003906,439,,0.3984375,33.66065979003906
40,,,449,23.577232360839844,,
40,0.453125,8.907690048217773,450,,0.453125,8.907690048217773
41,0.3515625,4.027864456176758,461,,0.3515625,4.027864456176758
42,0.4296875,2.8372228145599365,472,,0.4296875,2.8372228145599365
43,0.421875,10.750864028930664,483,,0.421875,10.750864028930664
44,0.328125,15.573171615600586,494,,0.328125,15.573171615600586
45,,,499,17.174232482910156,,
45,0.4453125,11.964604377746582,505,,0.4453125,11.964604377746582
46,0.4609375,17.1905574798584,516,,0.4609375,17.1905574798584
47,0.296875,25.406389236450195,527,,0.296875,25.406389236450195
48,0.4609375,13.278124809265137,538,,0.4609375,13.278124809265137
49,,,549,18.876079559326172,,
49,0.4453125,14.716974258422852,549,,0.4453125,14.716974258422852
50,0.40625,28.530487060546875,560,,0.40625,28.530487060546875
51,0.34375,3.822144031524658,571,,0.34375,3.822144031524658
52,0.40625,2.8941497802734375,582,,0.40625,2.8941497802734375
53,0.40625,8.831549644470215,593,,0.40625,8.831549644470215
54,,,599,3.9615373611450195,,
54,0.4296875,9.344405174255371,604,,0.4296875,9.344405174255371
55,0.3671875,11.346519470214844,615,,0.3671875,11.346519470214844
56,0.4296875,12.800455093383789,626,,0.4296875,12.800455093383789
57,0.453125,10.172684669494629,637,,0.453125,10.172684669494629
58,0.46875,12.941418647766113,648,,0.46875,12.941418647766113
59,,,649,17.084508895874023,,
59,0.359375,28.997739791870117,659,,0.359375,28.997739791870117
60,0.4296875,18.10784339904785,670,,0.4296875,18.10784339904785
61,0.296875,5.965923309326172,681,,0.296875,5.965923309326172
62,0.375,5.612278461456299,692,,0.375,5.612278461456299
63,,,699,11.203868865966797,,
63,0.4375,6.044286727905273,703,,0.4375,6.044286727905273
64,0.453125,3.9021780490875244,714,,0.453125,3.9021780490875244
65,0.4765625,6.114992141723633,725,,0.4765625,6.114992141723633
66,0.4609375,13.97214412689209,736,,0.4609375,13.97214412689209
67,0.5078125,10.400547981262207,747,,0.5078125,10.400547981262207
68,,,749,4.493288516998291,,
68,0.4375,29.67487335205078,758,,0.4375,29.67487335205078
69,0.484375,6.645501136779785,769,,0.484375,6.645501136779785
70,0.46875,16.659870147705078,780,,0.46875,16.659870147705078
71,0.390625,1.8106104135513306,791,,0.390625,1.8106104135513306
72,,,799,11.3762788772583,,
72,0.4375,4.563158988952637,802,,0.4375,4.563158988952637
73,0.3671875,11.436726570129395,813,,0.3671875,11.436726570129395
74,0.4609375,6.362246036529541,824,,0.4609375,6.362246036529541
75,0.4453125,4.532320499420166,835,,0.4453125,4.532320499420166
76,0.4453125,11.206283569335938,846,,0.4453125,11.206283569335938
77,,,849,8.27631950378418,,
77,0.390625,13.967401504516602,857,,0.390625,13.967401504516602
78,0.421875,17.00739097595215,868,,0.421875,17.00739097595215
79,0.4140625,11.22453498840332,879,,0.4140625,11.22453498840332
80,0.4765625,8.696890830993652,890,,0.4765625,8.696890830993652
81,,,899,8.100234031677246,,
81,0.3671875,2.0749120712280273,901,,0.3671875,2.0749120712280273
82,0.4609375,3.411541223526001,912,,0.4609375,3.411541223526001
83,0.4140625,1.9631133079528809,923,,0.4140625,1.9631133079528809
84,0.4453125,2.9843037128448486,934,,0.4453125,2.9843037128448486
85,0.4609375,5.628993988037109,945,,0.4609375,5.628993988037109
86,,,949,7.999011516571045,,
86,0.34375,10.927896499633789,956,,0.34375,10.927896499633789
87,0.453125,5.56314754486084,967,,0.453125,5.56314754486084
88,0.4296875,27.28501319885254,978,,0.4296875,27.28501319885254
89,0.4453125,11.921208381652832,989,,0.4453125,11.921208381652832
90,,,999,11.624412536621094,,
90,0.40625,16.434364318847656,1000,,0.40625,16.434364318847656
91,0.3828125,3.3173983097076416,1011,,0.3828125,3.3173983097076416
92,0.3515625,5.872941017150879,1022,,0.3515625,5.872941017150879
93,0.3671875,2.8092169761657715,1033,,0.3671875,2.8092169761657715
94,0.4765625,6.205604553222656,1044,,0.4765625,6.205604553222656
95,,,1049,4.353876113891602,,
95,0.4921875,5.961645126342773,1055,,0.4921875,5.961645126342773
96,0.46875,3.9718453884124756,1066,,0.46875,3.9718453884124756
97,0.4609375,4.954822063446045,1077,,0.4609375,4.954822063446045
98,0.46875,18.768606185913086,1088,,0.46875,18.768606185913086
99,,,1099,3.666249990463257,,
99,0.484375,5.988890171051025,1099,,0.484375,5.988890171051025
100,0.4921875,15.847334861755371,1110,,0.4921875,15.847334861755371
101,0.328125,4.731597900390625,1121,,0.328125,4.731597900390625
102,0.4453125,1.9845703840255737,1132,,0.4453125,1.9845703840255737
103,0.453125,2.128441095352173,1143,,0.453125,2.128441095352173
104,,,1149,4.521656513214111,,
104,0.421875,4.831544876098633,1154,,0.421875,4.831544876098633
105,0.5390625,2.974581718444824,1165,,0.5390625,2.974581718444824
106,0.4453125,4.923004150390625,1176,,0.4453125,4.923004150390625
107,0.484375,3.7431633472442627,1187,,0.484375,3.7431633472442627
108,0.4765625,8.062867164611816,1198,,0.4765625,8.062867164611816
109,,,1199,22.578514099121094,,
109,0.453125,15.409101486206055,1209,,0.453125,15.409101486206055
110,0.5,5.162527561187744,1220,,0.5,5.162527561187744
111,0.390625,2.666379690170288,1231,,0.390625,2.666379690170288
112,0.4375,1.5553337335586548,1242,,0.4375,1.5553337335586548
113,,,1249,11.114328384399414,,
113,0.4140625,3.051431894302368,1253,,0.4140625,3.051431894302368
114,0.4140625,8.766115188598633,1264,,0.4140625,8.766115188598633
115,0.4765625,3.0165772438049316,1275,,0.4765625,3.0165772438049316
116,0.4609375,8.320987701416016,1286,,0.4609375,8.320987701416016
117,0.5,4.670424461364746,1297,,0.5,4.670424461364746
118,,,1299,4.166701316833496,,
118,0.375,18.61754608154297,1308,,0.375,18.61754608154297
119,0.53125,4.549381256103516,1319,,0.53125,4.549381256103516
120,0.4765625,9.011709213256836,1330,,0.4765625,9.011709213256836
121,0.484375,1.7346967458724976,1341,,0.484375,1.7346967458724976
122,,,1349,5.751674652099609,,
122,0.484375,1.35676109790802,1352,,0.484375,1.35676109790802
123,0.453125,1.9765104055404663,1363,,0.453125,1.9765104055404663
124,0.4765625,5.1573896408081055,1374,,0.4765625,5.1573896408081055
125,0.5390625,2.3602681159973145,1385,,0.5390625,2.3602681159973145
126,0.4375,7.003301620483398,1396,,0.4375,7.003301620483398
127,,,1399,9.657132148742676,,
127,0.5234375,7.602117538452148,1407,,0.5234375,7.602117538452148
128,0.4609375,11.442663192749023,1418,,0.4609375,11.442663192749023
129,0.5078125,4.4588751792907715,1429,,0.5078125,4.4588751792907715
130,0.5078125,9.905314445495605,1440,,0.5078125,9.905314445495605
131,,,1449,5.7897562980651855,,
131,0.453125,1.5805503129959106,1451,,0.453125,1.5805503129959106
132,0.328125,4.452867031097412,1462,,0.328125,4.452867031097412
133,0.4453125,2.4752326011657715,1473,,0.4453125,2.4752326011657715
134,0.4375,3.681492328643799,1484,,0.4375,3.681492328643799
135,0.4453125,4.739427089691162,1495,,0.4453125,4.739427089691162
136,,,1499,6.9337897300720215,,
136,0.3671875,11.631522178649902,1506,,0.3671875,11.631522178649902
137,0.484375,6.937495708465576,1517,,0.484375,6.937495708465576
138,0.484375,7.05682897567749,1528,,0.484375,7.05682897567749
139,0.453125,8.170218467712402,1539,,0.453125,8.170218467712402
140,,,1549,13.406717300415039,,
140,0.53125,4.451484680175781,1550,,0.53125,4.451484680175781
141,0.4140625,1.3108386993408203,1561,,0.4140625,1.3108386993408203
142,0.3515625,2.5499813556671143,1572,,0.3515625,2.5499813556671143
143,0.4609375,1.4152745008468628,1583,,0.4609375,1.4152745008468628
144,0.484375,1.984788179397583,1594,,0.484375,1.984788179397583
145,,,1599,6.117602825164795,,
145,0.4921875,7.920510768890381,1605,,0.4921875,7.920510768890381
146,0.53125,3.526766538619995,1616,,0.53125,3.526766538619995
147,0.5234375,4.145100116729736,1627,,0.5234375,4.145100116729736
148,0.515625,4.646820068359375,1638,,0.515625,4.646820068359375
149,,,1649,1.9175691604614258,,
149,0.5390625,6.538858890533447,1649,,0.5390625,6.538858890533447
150,0.421875,7.970925807952881,1660,,0.421875,7.970925807952881
151,0.3984375,1.876813292503357,1671,,0.3984375,1.876813292503357
152,0.4609375,1.3230770826339722,1682,,0.4609375,1.3230770826339722
153,0.484375,1.381960153579712,1693,,0.484375,1.381960153579712
154,,,1699,2.287595748901367,,
154,0.5,1.7176069021224976,1704,,0.5,1.7176069021224976
155,0.484375,4.8983659744262695,1715,,0.484375,4.8983659744262695
156,0.4453125,4.386984348297119,1726,,0.4453125,4.386984348297119
157,0.5625,2.6238739490509033,1737,,0.5625,2.6238739490509033
158,0.5625,3.285735845565796,1748,,0.5625,3.285735845565796
159,,,1749,1.4343456029891968,,
159,0.4375,5.845202445983887,1759,,0.4375,5.845202445983887
160,0.5078125,4.1764302253723145,1770,,0.5078125,4.1764302253723145
161,0.4375,1.667093276977539,1781,,0.4375,1.667093276977539
162,0.375,2.7812347412109375,1792,,0.375,2.7812347412109375
163,,,1799,4.084393501281738,,
163,0.453125,1.492075800895691,1803,,0.453125,1.492075800895691
164,0.4453125,3.3174071311950684,1814,,0.4453125,3.3174071311950684
165,0.4921875,1.9567055702209473,1825,,0.4921875,1.9567055702209473
166,0.5703125,2.350050449371338,1836,,0.5703125,2.350050449371338
167,0.5078125,2.6413896083831787,1847,,0.5078125,2.6413896083831787
168,,,1849,1.5431405305862427,,
168,0.390625,9.813114166259766,1858,,0.390625,9.813114166259766
169,0.4765625,5.291374683380127,1869,,0.4765625,5.291374683380127
170,0.4921875,4.771337509155273,1880,,0.4921875,4.771337509155273
171,0.3046875,1.8136321306228638,1891,,0.3046875,1.8136321306228638
172,,,1899,7.480798721313477,,
172,0.4140625,1.6908036470413208,1902,,0.4140625,1.6908036470413208
173,0.4453125,1.9274940490722656,1913,,0.4453125,1.9274940490722656
174,0.375,3.988593101501465,1924,,0.375,3.988593101501465
175,0.3203125,5.132035255432129,1935,,0.3203125,5.132035255432129
176,0.5234375,2.0088675022125244,1946,,0.5234375,2.0088675022125244
177,,,1949,18.788511276245117,,
177,0.5390625,2.103260040283203,1957,,0.5390625,2.103260040283203
178,0.4765625,4.360692501068115,1968,,0.4765625,4.360692501068115
179,0.6015625,2.2077646255493164,1979,,0.6015625,2.2077646255493164
180,0.4765625,5.8935956954956055,1990,,0.4765625,5.8935956954956055
181,,,1999,1.5775331258773804,,
181,0.421875,1.4466608762741089,2001,,0.421875,1.4466608762741089
182,0.4375,1.297492504119873,2012,,0.4375,1.297492504119873
183,0.40625,1.4428989887237549,2023,,0.40625,1.4428989887237549
184,0.4765625,1.288160800933838,2034,,0.4765625,1.288160800933838
185,0.4140625,3.5610647201538086,2045,,0.4140625,3.5610647201538086
186,,,2049,3.1793887615203857,,
186,0.453125,3.7145204544067383,2056,,0.453125,3.7145204544067383
187,0.4375,4.592888355255127,2067,,0.4375,4.592888355255127
188,0.328125,6.356760025024414,2078,,0.328125,6.356760025024414
189,0.515625,2.470017194747925,2089,,0.515625,2.470017194747925
190,,,2099,3.855762481689453,,
190,0.53125,2.7764294147491455,2100,,0.53125,2.7764294147491455
191,0.3984375,1.4803599119186401,2111,,0.3984375,1.4803599119186401
192,0.4609375,1.2738583087921143,2122,,0.4609375,1.2738583087921143
193,0.4609375,1.3251320123672485,2133,,0.4609375,1.3251320123672485
194,0.4140625,1.8615243434906006,2144,,0.4140625,1.8615243434906006
195,,,2149,1.591194987297058,,
195,0.4765625,3.411569595336914,2155,,0.4765625,3.411569595336914
196,0.4609375,2.0309154987335205,2166,,0.4609375,2.0309154987335205
197,0.515625,2.380634069442749,2177,,0.515625,2.380634069442749
198,0.5234375,1.7379261255264282,2188,,0.5234375,1.7379261255264282
199,,,2199,5.322360992431641,,
199,0.4609375,3.90537691116333,2199,,0.4609375,3.90537691116333
200,0.46875,3.837214469909668,2210,,0.46875,3.837214469909668
201,0.421875,1.6135197877883911,2221,,0.421875,1.6135197877883911
202,0.4765625,1.2663339376449585,2232,,0.4765625,1.2663339376449585
203,0.4296875,1.6250113248825073,2243,,0.4296875,1.6250113248825073
204,,,2249,1.0088948011398315,,
204,0.421875,2.220099687576294,2254,,0.421875,2.220099687576294
205,0.5,1.7367407083511353,2265,,0.5,1.7367407083511353
206,0.421875,2.3484325408935547,2276,,0.421875,2.3484325408935547
207,0.53125,4.40444278717041,2287,,0.53125,4.40444278717041
208,0.5859375,1.2639516592025757,2298,,0.5859375,1.2639516592025757
209,,,2299,1.8673940896987915,,
209,0.3671875,4.065659046173096,2309,,0.3671875,4.065659046173096
210,0.546875,1.7907851934432983,2320,,0.546875,1.7907851934432983
211,0.40625,1.30958890914917,2331,,0.40625,1.30958890914917
212,0.4140625,1.2568100690841675,2342,,0.4140625,1.2568100690841675
213,,,2349,1.0049268007278442,,
213,0.4140625,1.5271005630493164,2353,,0.4140625,1.5271005630493164
214,0.4296875,1.7775342464447021,2364,,0.4296875,1.7775342464447021
215,0.421875,2.072154998779297,2375,,0.421875,2.072154998779297
216,0.5234375,1.4408565759658813,2386,,0.5234375,1.4408565759658813
217,0.4140625,2.822052478790283,2397,,0.4140625,2.822052478790283
218,,,2399,5.138399124145508,,
218,0.5546875,1.4814701080322266,2408,,0.5546875,1.4814701080322266
219,0.4765625,2.840737819671631,2419,,0.4765625,2.840737819671631
220,0.5078125,2.9549648761749268,2430,,0.5078125,2.9549648761749268
221,0.4765625,1.4099496603012085,2441,,0.4765625,1.4099496603012085
222,,,2449,1.2243248224258423,,
222,0.4375,1.8360203504562378,2452,,0.4375,1.8360203504562378
223,0.4296875,1.279194712638855,2463,,0.4296875,1.279194712638855
224,0.4453125,1.219699501991272,2474,,0.4453125,1.219699501991272
225,0.4140625,2.3948538303375244,2485,,0.4140625,2.3948538303375244
226,0.5859375,1.150903582572937,2496,,0.5859375,1.150903582572937
227,,,2499,1.6517902612686157,,
227,0.359375,4.015458106994629,2507,,0.359375,4.015458106994629
228,0.609375,1.1806021928787231,2518,,0.609375,1.1806021928787231
229,0.3984375,3.920065402984619,2529,,0.3984375,3.920065402984619
230,0.5,3.040954113006592,2540,,0.5,3.040954113006592
231,,,2549,1.0232120752334595,,
231,0.3828125,1.4309780597686768,2551,,0.3828125,1.4309780597686768
232,0.4609375,1.2325518131256104,2562,,0.4609375,1.2325518131256104
233,0.4296875,1.2408690452575684,2573,,0.4296875,1.2408690452575684
234,0.5390625,1.2955152988433838,2584,,0.5390625,1.2955152988433838
235,0.453125,1.730051875114441,2595,,0.453125,1.730051875114441
236,,,2599,0.840632975101471,,
236,0.5546875,1.1971209049224854,2606,,0.5546875,1.1971209049224854
237,0.3203125,4.310944557189941,2617,,0.3203125,4.310944557189941
238,0.5625,1.4228510856628418,2628,,0.5625,1.4228510856628418
239,0.59375,1.40425705909729,2639,,0.59375,1.40425705909729
240,,,2649,2.397610902786255,,
240,0.546875,2.3484058380126953,2650,,0.546875,2.3484058380126953
241,0.3828125,1.3791093826293945,2661,,0.3828125,1.3791093826293945
242,0.3828125,1.4992589950561523,2672,,0.3828125,1.4992589950561523
243,0.46875,1.1699506044387817,2683,,0.46875,1.1699506044387817
244,0.46875,1.1081985235214233,2694,,0.46875,1.1081985235214233
245,,,2699,1.6432883739471436,,
245,0.390625,2.0335628986358643,2705,,0.390625,2.0335628986358643
246,0.453125,3.0456252098083496,2716,,0.453125,3.0456252098083496
247,0.578125,1.3209280967712402,2727,,0.578125,1.3209280967712402
248,0.5234375,2.136394739151001,2738,,0.5234375,2.136394739151001
249,,,2749,2.390622615814209,,
249,0.5234375,2.7824313640594482,2749,,0.5234375,2.7824313640594482
250,0.5,2.314763307571411,2760,,0.5,2.314763307571411
251,0.328125,1.700789213180542,2771,,0.328125,1.700789213180542
252,0.46875,1.3421151638031006,2782,,0.46875,1.3421151638031006
253,0.3046875,1.5152069330215454,2793,,0.3046875,1.5152069330215454
254,,,2799,0.771826446056366,,
254,0.375,1.8254554271697998,2804,,0.375,1.8254554271697998
255,0.5859375,0.997780442237854,2815,,0.5859375,0.997780442237854
256,0.3671875,2.458134651184082,2826,,0.3671875,2.458134651184082
257,0.515625,2.7132081985473633,2837,,0.515625,2.7132081985473633
258,0.5859375,1.1141786575317383,2848,,0.5859375,1.1141786575317383
259,,,2849,1.0481666326522827,,
259,0.4609375,2.12514328956604,2859,,0.4609375,2.12514328956604
260,0.5859375,1.2114993333816528,2870,,0.5859375,1.2114993333816528
261,0.34375,1.647719144821167,2881,,0.34375,1.647719144821167
262,0.4453125,1.2349566221237183,2892,,0.4453125,1.2349566221237183
263,,,2899,0.6983204483985901,,
263,0.34375,1.4377928972244263,2903,,0.34375,1.4377928972244263
264,0.5078125,1.866416335105896,2914,,0.5078125,1.866416335105896
265,0.5078125,1.2109407186508179,2925,,0.5078125,1.2109407186508179
266,0.5234375,2.1030359268188477,2936,,0.5234375,2.1030359268188477
267,0.5859375,1.0156145095825195,2947,,0.5859375,1.0156145095825195
268,,,2949,0.7639103531837463,,
268,0.5,1.975167989730835,2958,,0.5,1.975167989730835
269,0.5703125,1.211905598640442,2969,,0.5703125,1.211905598640442
270,0.5234375,1.4236146211624146,2980,,0.5234375,1.4236146211624146
271,0.328125,1.4766982793807983,2991,,0.328125,1.4766982793807983
272,,,2999,1.0220539569854736,,
272,0.359375,1.5868659019470215,3002,,0.359375,1.5868659019470215
273,0.3046875,1.6017671823501587,3013,,0.3046875,1.6017671823501587
274,0.4609375,1.4311693906784058,3024,,0.4609375,1.4311693906784058
275,0.453125,1.9815393686294556,3035,,0.453125,1.9815393686294556
276,0.46875,2.3039050102233887,3046,,0.46875,2.3039050102233887
277,,,3049,2.2177624702453613,,
277,0.5234375,2.2261884212493896,3057,,0.5234375,2.2261884212493896
278,0.5703125,1.6298080682754517,3068,,0.5703125,1.6298080682754517
279,0.4609375,2.9240331649780273,3079,,0.4609375,2.9240331649780273
280,0.546875,2.5273032188415527,3090,,0.546875,2.5273032188415527
281,,,3099,1.7257611751556396,,
281,0.4375,1.2462600469589233,3101,,0.4375,1.2462600469589233
282,0.4296875,1.4138046503067017,3112,,0.4296875,1.4138046503067017
283,0.5,1.1752650737762451,3123,,0.5,1.1752650737762451
284,0.5,1.1942555904388428,3134,,0.5,1.1942555904388428
285,0.5234375,1.0214654207229614,3145,,0.5234375,1.0214654207229614
286,,,3149,0.9251711964607239,,
286,0.5546875,1.1316719055175781,3156,,0.5546875,1.1316719055175781
287,0.5390625,2.2784929275512695,3167,,0.5390625,2.2784929275512695
288,0.390625,2.426711320877075,3178,,0.390625,2.426711320877075
289,0.46875,2.797663450241089,3189,,0.46875,2.797663450241089
290,,,3199,1.2031035423278809,,
290,0.5703125,1.114793062210083,3200,,0.5703125,1.114793062210083
291,0.421875,1.2560652494430542,3211,,0.421875,1.2560652494430542
292,0.46875,1.2521401643753052,3222,,0.46875,1.2521401643753052
293,0.4140625,1.4963256120681763,3233,,0.4140625,1.4963256120681763
294,0.4453125,1.3435077667236328,3244,,0.4453125,1.3435077667236328
295,,,3249,0.7492651343345642,,
295,0.515625,1.1229368448257446,3255,,0.515625,1.1229368448257446
296,0.40625,2.060380697250366,3266,,0.40625,2.060380697250366
297,0.546875,1.432379126548767,3277,,0.546875,1.432379126548767
298,0.46875,2.380582571029663,3288,,0.46875,2.380582571029663
299,,,3299,0.8646312355995178,,
299,0.59375,1.0793874263763428,3299,,0.59375,1.0793874263763428
300,0.5625,1.2452261447906494,3310,,0.5625,1.2452261447906494
301,0.390625,1.2665451765060425,3321,,0.390625,1.2665451765060425
302,0.4375,1.4895737171173096,3332,,0.4375,1.4895737171173096
303,0.4453125,1.354758858680725,3343,,0.4453125,1.354758858680725
304,,,3349,1.5002479553222656,,
304,0.5,1.398306131362915,3354,,0.5,1.398306131362915
305,0.515625,1.6442807912826538,3365,,0.515625,1.6442807912826538
306,0.578125,0.9831700921058655,3376,,0.578125,0.9831700921058655
307,0.5703125,0.947454571723938,3387,,0.5703125,0.947454571723938
308,0.5703125,1.0044091939926147,3398,,0.5703125,1.0044091939926147
309,,,3399,3.259582757949829,,
309,0.40625,2.240095615386963,3409,,0.40625,2.240095615386963
310,0.5703125,1.1055701971054077,3420,,0.5703125,1.1055701971054077
311,0.421875,1.3079124689102173,3431,,0.421875,1.3079124689102173
312,0.3828125,1.4208043813705444,3442,,0.3828125,1.4208043813705444
313,,,3449,1.1813242435455322,,
313,0.4609375,1.3060790300369263,3453,,0.4609375,1.3060790300369263
314,0.5625,1.125234842300415,3464,,0.5625,1.125234842300415
315,0.53125,1.29738450050354,3475,,0.53125,1.29738450050354
316,0.5703125,1.0748549699783325,3486,,0.5703125,1.0748549699783325
317,0.4375,2.2358052730560303,3497,,0.4375,2.2358052730560303
318,,,3499,0.5873666405677795,,
318,0.5546875,0.9712661504745483,3508,,0.5546875,0.9712661504745483
319,0.53125,1.1904195547103882,3519,,0.53125,1.1904195547103882
320,0.53125,1.2491282224655151,3530,,0.53125,1.2491282224655151
321,0.421875,1.2831577062606812,3541,,0.421875,1.2831577062606812
322,,,3549,0.7270278930664062,,
322,0.375,1.4351170063018799,3552,,0.375,1.4351170063018799
323,0.4140625,1.49954092502594,3563,,0.4140625,1.49954092502594
324,0.4375,1.2573412656784058,3574,,0.4375,1.2573412656784058
325,0.4453125,1.807173252105713,3585,,0.4453125,1.807173252105713
326,0.5390625,1.5211100578308105,3596,,0.5390625,1.5211100578308105
327,,,3599,0.7942911982536316,,
327,0.5703125,1.0277197360992432,3607,,0.5703125,1.0277197360992432
328,0.5078125,1.5153944492340088,3618,,0.5078125,1.5153944492340088
329,0.546875,1.817266583442688,3629,,0.546875,1.817266583442688
330,0.546875,1.8555915355682373,3640,,0.546875,1.8555915355682373
331,,,3649,0.8650534152984619,,
331,0.3203125,1.3178385496139526,3651,,0.3203125,1.3178385496139526
332,0.3984375,1.336367130279541,3662,,0.3984375,1.336367130279541
333,0.5,1.2939616441726685,3673,,0.5,1.2939616441726685
334,0.46875,1.44687819480896,3684,,0.46875,1.44687819480896
335,0.59375,1.1232962608337402,3695,,0.59375,1.1232962608337402
336,,,3699,0.5563087463378906,,
336,0.453125,1.3967796564102173,3706,,0.453125,1.3967796564102173
337,0.546875,1.379960536956787,3717,,0.546875,1.379960536956787
338,0.59375,0.9381065368652344,3728,,0.59375,0.9381065368652344
339,0.609375,0.9508253335952759,3739,,0.609375,0.9508253335952759
340,,,3749,0.6858440041542053,,
340,0.578125,1.0001609325408936,3750,,0.578125,1.0001609325408936
341,0.3203125,1.4009324312210083,3761,,0.3203125,1.4009324312210083
342,0.375,1.3601809740066528,3772,,0.375,1.3601809740066528
343,0.4921875,1.208372712135315,3783,,0.4921875,1.208372712135315
344,0.4453125,1.3931465148925781,3794,,0.4453125,1.3931465148925781
345,,,3799,1.0377702713012695,,
345,0.6171875,1.028864860534668,3805,,0.6171875,1.028864860534668
346,0.6015625,0.9715443253517151,3816,,0.6015625,0.9715443253517151
347,0.484375,1.453041911125183,3827,,0.484375,1.453041911125183
348,0.6171875,0.9615296125411987,3838,,0.6171875,0.9615296125411987
349,,,3849,0.5765253305435181,,
349,0.6328125,0.9255266785621643,3849,,0.6328125,0.9255266785621643
350,0.6328125,0.9137506484985352,3860,,0.6328125,0.9137506484985352
351,0.3828125,1.2878698110580444,3871,,0.3828125,1.2878698110580444
352,0.3828125,1.3128999471664429,3882,,0.3828125,1.3128999471664429
353,0.4921875,1.4015061855316162,3893,,0.4921875,1.4015061855316162
354,,,3899,0.9505392909049988,,
354,0.5,1.2522413730621338,3904,,0.5,1.2522413730621338
355,0.640625,1.0138458013534546,3915,,0.640625,1.0138458013534546
356,0.5390625,1.2653179168701172,3926,,0.5390625,1.2653179168701172
357,0.546875,1.1214667558670044,3937,,0.546875,1.1214667558670044
358,0.3359375,1.7285200357437134,3948,,0.3359375,1.7285200357437134
359,,,3949,0.7263535261154175,,
359,0.6015625,1.0359289646148682,3959,,0.6015625,1.0359289646148682
360,0.53125,1.143324613571167,3970,,0.53125,1.143324613571167
361,0.4140625,1.3052352666854858,3981,,0.4140625,1.3052352666854858
362,0.3671875,1.4181307554244995,3992,,0.3671875,1.4181307554244995
363,,,3999,1.5620367527008057,,
363,0.4375,1.2436203956604004,4003,,0.4375,1.2436203956604004
364,0.484375,1.4290671348571777,4014,,0.484375,1.4290671348571777
365,0.5859375,1.0543547868728638,4025,,0.5859375,1.0543547868728638
366,0.6171875,1.0093175172805786,4036,,0.6171875,1.0093175172805786
367,0.4921875,1.4284716844558716,4047,,0.4921875,1.4284716844558716
368,,,4049,0.9380383491516113,,
368,0.6328125,1.0005221366882324,4058,,0.6328125,1.0005221366882324
369,0.3828125,1.5106756687164307,4069,,0.3828125,1.5106756687164307
370,0.4609375,1.8540093898773193,4080,,0.4609375,1.8540093898773193
371,0.390625,1.3016526699066162,4091,,0.390625,1.3016526699066162
372,,,4099,1.3095771074295044,,
372,0.4921875,1.2640364170074463,4102,,0.4921875,1.2640364170074463
373,0.4296875,1.3589016199111938,4113,,0.4296875,1.3589016199111938
374,0.5,1.258044958114624,4124,,0.5,1.258044958114624
375,0.609375,1.033067226409912,4135,,0.609375,1.033067226409912
376,0.625,0.9788967967033386,4146,,0.625,0.9788967967033386
377,,,4149,1.6550356149673462,,
377,0.578125,0.9920507073402405,4157,,0.578125,0.9920507073402405
378,0.65625,0.9443145990371704,4168,,0.65625,0.9443145990371704
379,0.609375,1.3868249654769897,4179,,0.609375,1.3868249654769897
380,0.609375,0.9820340275764465,4190,,0.609375,0.9820340275764465
381,,,4199,0.6599671244621277,,
381,0.4296875,1.3200323581695557,4201,,0.4296875,1.3200323581695557
382,0.4453125,1.3043314218521118,4212,,0.4453125,1.3043314218521118
383,0.421875,1.2795054912567139,4223,,0.421875,1.2795054912567139
384,0.53125,1.341901183128357,4234,,0.53125,1.341901183128357
385,0.5703125,1.2139708995819092,4245,,0.5703125,1.2139708995819092
386,,,4249,1.2745789289474487,,
386,0.5546875,1.3390679359436035,4256,,0.5546875,1.3390679359436035
387,0.5,1.3224563598632812,4267,,0.5,1.3224563598632812
388,0.46875,1.3622668981552124,4278,,0.46875,1.3622668981552124
389,0.53125,1.3179411888122559,4289,,0.53125,1.3179411888122559
390,,,4299,0.7754022479057312,,
390,0.53125,1.4688127040863037,4300,,0.53125,1.4688127040863037
391,0.421875,1.2832930088043213,4311,,0.421875,1.2832930088043213
392,0.453125,1.2835023403167725,4322,,0.453125,1.2835023403167725
393,0.4921875,1.2358918190002441,4333,,0.4921875,1.2358918190002441
394,0.5078125,1.177834153175354,4344,,0.5078125,1.177834153175354
395,,,4349,0.5758688449859619,,
395,0.5390625,1.2273997068405151,4355,,0.5390625,1.2273997068405151
396,0.484375,1.297423243522644,4366,,0.484375,1.297423243522644
397,0.578125,1.3583457469940186,4377,,0.578125,1.3583457469940186
398,0.40625,1.5538322925567627,4388,,0.40625,1.5538322925567627
399,,,4399,0.5834916234016418,,
399,0.609375,1.0447442531585693,4399,,0.609375,1.0447442531585693
400,0.59375,0.9556781649589539,4410,,0.59375,0.9556781649589539
401,0.4375,1.3077067136764526,4421,,0.4375,1.3077067136764526
402,0.40625,1.3056976795196533,4432,,0.40625,1.3056976795196533
403,0.5234375,1.218874454498291,4443,,0.5234375,1.218874454498291
404,,,4449,0.8908538222312927,,
404,0.5234375,1.2934882640838623,4454,,0.5234375,1.2934882640838623
405,0.5703125,1.1109875440597534,4465,,0.5703125,1.1109875440597534
406,0.328125,1.641703486442566,4476,,0.328125,1.641703486442566
407,0.59375,1.0080151557922363,4487,,0.59375,1.0080151557922363
408,0.375,1.7068499326705933,4498,,0.375,1.7068499326705933
409,,,4499,0.6317540407180786,,
409,0.640625,0.9312718510627747,4509,,0.640625,0.9312718510627747
410,0.6328125,0.9900138974189758,4520,,0.6328125,0.9900138974189758
411,0.4296875,1.283360242843628,4531,,0.4296875,1.283360242843628
412,0.4921875,1.2617360353469849,4542,,0.4921875,1.2617360353469849
413,,,4549,0.8443171977996826,,
413,0.4296875,1.301980972290039,4553,,0.4296875,1.301980972290039
414,0.5859375,1.1410647630691528,4564,,0.5859375,1.1410647630691528
415,0.546875,1.2922824621200562,4575,,0.546875,1.2922824621200562
416,0.6640625,0.9708669781684875,4586,,0.6640625,0.9708669781684875
417,0.5546875,1.0896642208099365,4597,,0.5546875,1.0896642208099365
418,,,4599,1.1536489725112915,,
418,0.4609375,1.4523144960403442,4608,,0.4609375,1.4523144960403442
419,0.625,0.9275211095809937,4619,,0.625,0.9275211095809937
420,0.4375,1.5196781158447266,4630,,0.4375,1.5196781158447266
421,0.40625,1.3056131601333618,4641,,0.40625,1.3056131601333618
422,,,4649,1.3148561716079712,,
422,0.484375,1.2747687101364136,4652,,0.484375,1.2747687101364136
423,0.484375,1.2500711679458618,4663,,0.484375,1.2500711679458618
424,0.4375,1.333597183227539,4674,,0.4375,1.333597183227539
425,0.5859375,1.0522563457489014,4685,,0.5859375,1.0522563457489014
426,0.6015625,0.9695199131965637,4696,,0.6015625,0.9695199131965637
427,,,4699,0.56690913438797,,
427,0.6484375,0.925199568271637,4707,,0.6484375,0.925199568271637
428,0.6015625,1.013003945350647,4718,,0.6015625,1.013003945350647
429,0.6640625,0.9253602623939514,4729,,0.6640625,0.9253602623939514
430,0.6640625,0.9117504954338074,4740,,0.6640625,0.9117504954338074
431,,,4749,0.6446801424026489,,
431,0.390625,1.3109550476074219,4751,,0.390625,1.3109550476074219
432,0.3984375,1.300841212272644,4762,,0.3984375,1.300841212272644
433,0.5234375,1.2394647598266602,4773,,0.5234375,1.2394647598266602
434,0.5625,1.2809239625930786,4784,,0.5625,1.2809239625930786
435,0.453125,1.2495105266571045,4795,,0.453125,1.2495105266571045
436,,,4799,0.9508759379386902,,
436,0.4296875,1.513235092163086,4806,,0.4296875,1.513235092163086
437,0.578125,1.0715672969818115,4817,,0.578125,1.0715672969818115
438,0.6015625,1.2590464353561401,4828,,0.6015625,1.2590464353561401
439,0.5703125,1.010461449623108,4839,,0.5703125,1.010461449623108
440,,,4849,0.7771398425102234,,
440,0.5390625,1.2263914346694946,4850,,0.5390625,1.2263914346694946
441,0.4140625,1.278476595878601,4861,,0.4140625,1.278476595878601
442,0.375,1.369686484336853,4872,,0.375,1.369686484336853
443,0.4921875,1.2235558032989502,4883,,0.4921875,1.2235558032989502
444,0.609375,1.0901901721954346,4894,,0.609375,1.0901901721954346
445,,,4899,0.7834967970848083,,
445,0.4453125,1.4881653785705566,4905,,0.4453125,1.4881653785705566
446,0.6796875,0.9756856560707092,4916,,0.6796875,0.9756856560707092
447,0.5703125,1.0418586730957031,4927,,0.5703125,1.0418586730957031
448,0.59375,1.17862868309021,4938,,0.59375,1.17862868309021
449,,,4949,0.6975512504577637,,
449,0.5625,1.027156114578247,4949,,0.5625,1.027156114578247
450,0.5625,1.2863385677337646,4960,,0.5625,1.2863385677337646
451,0.421875,1.2945760488510132,4971,,0.421875,1.2945760488510132
452,0.4375,1.3172286748886108,4982,,0.4375,1.3172286748886108
453,0.421875,1.3156437873840332,4993,,0.421875,1.3156437873840332
454,,,4999,0.8937186002731323,,
454,0.484375,1.2766743898391724,5004,,0.484375,1.2766743898391724
455,0.5,1.173828363418579,5015,,0.5,1.173828363418579
456,0.5234375,1.2294747829437256,5026,,0.5234375,1.2294747829437256
457,0.5703125,1.1573504209518433,5037,,0.5703125,1.1573504209518433
458,0.484375,1.2945420742034912,5048,,0.484375,1.2945420742034912
459,,,5049,0.6289226412773132,,
459,0.609375,0.9764533638954163,5059,,0.609375,0.9764533638954163
460,0.5546875,1.2108811140060425,5070,,0.5546875,1.2108811140060425
461,0.3671875,1.3239948749542236,5081,,0.3671875,1.3239948749542236
462,0.40625,1.3026833534240723,5092,,0.40625,1.3026833534240723
463,,,5099,0.6781909465789795,,
463,0.546875,1.219965934753418,5103,,0.546875,1.219965934753418
464,0.5859375,1.1560053825378418,5114,,0.5859375,1.1560053825378418
465,0.6328125,1.087598443031311,5125,,0.6328125,1.087598443031311
466,0.53125,1.1275547742843628,5136,,0.53125,1.1275547742843628
467,0.6015625,1.0091261863708496,5147,,0.6015625,1.0091261863708496
468,,,5149,0.5859912037849426,,
468,0.5390625,1.0753623247146606,5158,,0.5390625,1.0753623247146606
469,0.546875,1.2341563701629639,5169,,0.546875,1.2341563701629639
470,0.5390625,1.2789918184280396,5180,,0.5390625,1.2789918184280396
471,0.4453125,1.2869040966033936,5191,,0.4453125,1.2869040966033936
472,,,5199,1.0851969718933105,,
472,0.4609375,1.24112868309021,5202,,0.4609375,1.24112868309021
473,0.421875,1.3221564292907715,5213,,0.421875,1.3221564292907715
474,0.4375,1.301842212677002,5224,,0.4375,1.301842212677002
475,0.6484375,1.1037092208862305,5235,,0.6484375,1.1037092208862305
476,0.609375,1.050971269607544,5246,,0.609375,1.050971269607544
477,,,5249,0.503214418888092,,
477,0.578125,1.2138561010360718,5257,,0.578125,1.2138561010360718
478,0.6484375,0.9524109959602356,5268,,0.6484375,0.9524109959602356
479,0.546875,1.2093915939331055,5279,,0.546875,1.2093915939331055
480,0.59375,1.135893702507019,5290,,0.59375,1.135893702507019
481,,,5299,0.881298840045929,,
481,0.4609375,1.288746953010559,5301,,0.4609375,1.288746953010559
482,0.4453125,1.3075439929962158,5312,,0.4453125,1.3075439929962158
483,0.4765625,1.2249568700790405,5323,,0.4765625,1.2249568700790405
484,0.28125,1.4085456132888794,5334,,0.28125,1.4085456132888794
485,0.59375,1.0590096712112427,5345,,0.59375,1.0590096712112427
486,,,5349,0.4633626639842987,,
486,0.59375,1.1660295724868774,5356,,0.59375,1.1660295724868774
487,0.609375,1.1262879371643066,5367,,0.609375,1.1262879371643066
488,0.4296875,1.331827998161316,5378,,0.4296875,1.331827998161316
489,0.6171875,1.0649309158325195,5389,,0.6171875,1.0649309158325195
490,,,5399,0.6103139519691467,,
490,0.6328125,0.9851599931716919,5400,,0.6328125,0.9851599931716919
491,0.4375,1.3236256837844849,5411,,0.4375,1.3236256837844849
492,0.4921875,1.2296072244644165,5422,,0.4921875,1.2296072244644165
493,0.4921875,1.2572554349899292,5433,,0.4921875,1.2572554349899292
494,0.515625,1.3308175802230835,5444,,0.515625,1.3308175802230835
495,,,5449,0.6234883666038513,,
495,0.515625,1.1966050863265991,5455,,0.515625,1.1966050863265991
496,0.6328125,1.0017328262329102,5466,,0.6328125,1.0017328262329102
497,0.515625,1.2914525270462036,5477,,0.515625,1.2914525270462036
498,0.6484375,0.9379147887229919,5488,,0.6484375,0.9379147887229919
499,,,5499,0.6891571283340454,,
499,0.6875,0.9426816701889038,5499,,0.6875,0.9426816701889038
500,0.6484375,0.9523962140083313,5510,,0.6484375,0.9523962140083313
501,0.375,1.2722164392471313,5521,,0.375,1.2722164392471313
502,0.4609375,1.3239712715148926,5532,,0.4609375,1.3239712715148926
503,0.578125,1.2957582473754883,5543,,0.578125,1.2957582473754883
504,,,5549,0.8960698246955872,,
504,0.515625,1.2979148626327515,5554,,0.515625,1.2979148626327515
505,0.6328125,1.0078092813491821,5565,,0.6328125,1.0078092813491821
506,0.4921875,1.1433922052383423,5576,,0.4921875,1.1433922052383423
507,0.6875,0.9532089233398438,5587,,0.6875,0.9532089233398438
508,0.640625,0.9282661080360413,5598,,0.640625,0.9282661080360413
509,,,5599,0.8040823340415955,,
509,0.5390625,1.2832746505737305,5609,,0.5390625,1.2832746505737305
510,0.5625,1.2132540941238403,5620,,0.5625,1.2132540941238403
511,0.3984375,1.3240572214126587,5631,,0.3984375,1.3240572214126587
512,0.5078125,1.2193212509155273,5642,,0.5078125,1.2193212509155273
513,,,5649,0.67433762550354,,
513,0.53125,1.198267936706543,5653,,0.53125,1.198267936706543
514,0.46875,1.337720274925232,5664,,0.46875,1.337720274925232
515,0.4765625,1.5016248226165771,5675,,0.4765625,1.5016248226165771
516,0.6328125,1.0514906644821167,5686,,0.6328125,1.0514906644821167
517,0.484375,1.3012268543243408,5697,,0.484375,1.3012268543243408
518,,,5699,0.5958592295646667,,
518,0.5859375,1.0189876556396484,5708,,0.5859375,1.0189876556396484
519,0.515625,1.3207875490188599,5719,,0.515625,1.3207875490188599
520,0.5546875,1.1896181106567383,5730,,0.5546875,1.1896181106567383
521,0.4140625,1.3185604810714722,5741,,0.4140625,1.3185604810714722
522,,,5749,0.5653840899467468,,
522,0.5,1.2085822820663452,5752,,0.5,1.2085822820663452
523,0.5703125,1.1842327117919922,5763,,0.5703125,1.1842327117919922
524,0.5234375,1.2160924673080444,5774,,0.5234375,1.2160924673080444
525,0.5703125,1.0551941394805908,5785,,0.5703125,1.0551941394805908
526,0.609375,1.0266175270080566,5796,,0.609375,1.0266175270080566
527,,,5799,0.5728652477264404,,
527,0.4453125,1.3887529373168945,5807,,0.4453125,1.3887529373168945
528,0.6171875,0.9795783162117004,5818,,0.6171875,0.9795783162117004
529,0.6171875,1.0588111877441406,5829,,0.6171875,1.0588111877441406
530,0.6328125,0.9760615229606628,5840,,0.6328125,0.9760615229606628
531,,,5849,0.5400713682174683,,
531,0.4921875,1.2435708045959473,5851,,0.4921875,1.2435708045959473
532,0.5546875,1.2525582313537598,5862,,0.5546875,1.2525582313537598
533,0.421875,1.2911516427993774,5873,,0.421875,1.2911516427993774
534,0.4921875,1.294629693031311,5884,,0.4921875,1.294629693031311
535,0.546875,1.2606666088104248,5895,,0.546875,1.2606666088104248
536,,,5899,0.6296669840812683,,
536,0.6328125,0.9458182454109192,5906,,0.6328125,0.9458182454109192
537,0.5859375,1.0252379179000854,5917,,0.5859375,1.0252379179000854
538,0.6015625,1.0119761228561401,5928,,0.6015625,1.0119761228561401
539,0.625,0.9736348986625671,5939,,0.625,0.9736348986625671
540,,,5949,0.46133559942245483,,
540,0.65625,0.9105581045150757,5950,,0.65625,0.9105581045150757
541,0.4296875,1.2792294025421143,5961,,0.4296875,1.2792294025421143
542,0.421875,1.2817771434783936,5972,,0.421875,1.2817771434783936
543,0.546875,1.2094420194625854,5983,,0.546875,1.2094420194625854
544,0.609375,1.1281288862228394,5994,,0.609375,1.1281288862228394
545,,,5999,0.5792336463928223,,
545,0.484375,1.174608826637268,6005,,0.484375,1.174608826637268
546,0.6484375,0.9896056056022644,6016,,0.6484375,0.9896056056022644
547,0.6328125,0.9905418753623962,6027,,0.6328125,0.9905418753623962
548,0.5625,1.0981664657592773,6038,,0.5625,1.0981664657592773
549,,,6049,0.5725860595703125,,
549,0.5625,1.0199631452560425,6049,,0.5625,1.0199631452560425
550,0.546875,1.2721507549285889,6060,,0.546875,1.2721507549285889
551,0.4453125,1.2750818729400635,6071,,0.4453125,1.2750818729400635
552,0.421875,1.3173824548721313,6082,,0.421875,1.3173824548721313
553,0.3828125,1.3602639436721802,6093,,0.3828125,1.3602639436721802
554,,,6099,0.7262393832206726,,
554,0.5,1.2319529056549072,6104,,0.5,1.2319529056549072
555,0.578125,1.0641800165176392,6115,,0.578125,1.0641800165176392
556,0.59375,1.0231376886367798,6126,,0.59375,1.0231376886367798
557,0.5390625,1.1510097980499268,6137,,0.5390625,1.1510097980499268
558,0.5,1.5162172317504883,6148,,0.5,1.5162172317504883
559,,,6149,0.6329278945922852,,
559,0.4765625,1.4418370723724365,6159,,0.4765625,1.4418370723724365
560,0.5,1.2245218753814697,6170,,0.5,1.2245218753814697
561,0.453125,1.2677605152130127,6181,,0.453125,1.2677605152130127
562,0.5234375,1.2167680263519287,6192,,0.5234375,1.2167680263519287
563,,,6199,0.5046111345291138,,
563,0.4921875,1.2378677129745483,6203,,0.4921875,1.2378677129745483
564,0.546875,1.2156474590301514,6214,,0.546875,1.2156474590301514
565,0.6015625,1.0060480833053589,6225,,0.6015625,1.0060480833053589
566,0.4453125,1.3043655157089233,6236,,0.4453125,1.3043655157089233
567,0.5625,1.1385735273361206,6247,,0.5625,1.1385735273361206
568,,,6249,1.1891566514968872,,
568,0.6796875,0.9374998211860657,6258,,0.6796875,0.9374998211860657
569,0.5625,1.5202175378799438,6269,,0.5625,1.5202175378799438
570,0.59375,0.9781906008720398,6280,,0.59375,0.9781906008720398
571,0.375,1.297623634338379,6291,,0.375,1.297623634338379
572,,,6299,0.5064744353294373,,
572,0.421875,1.325840950012207,6302,,0.421875,1.325840950012207
573,0.5234375,1.2582286596298218,6313,,0.5234375,1.2582286596298218
574,0.5625,1.2219842672348022,6324,,0.5625,1.2219842672348022
575,0.640625,1.064939260482788,6335,,0.640625,1.064939260482788
576,0.515625,1.2458728551864624,6346,,0.515625,1.2458728551864624
577,,,6349,1.1552048921585083,,
577,0.6015625,1.072176456451416,6357,,0.6015625,1.072176456451416
578,0.5625,1.108998417854309,6368,,0.5625,1.108998417854309
579,0.4921875,1.3357325792312622,6379,,0.4921875,1.3357325792312622
580,0.5625,1.1787116527557373,6390,,0.5625,1.1787116527557373
581,,,6399,0.4329090416431427,,
581,0.421875,1.3141634464263916,6401,,0.421875,1.3141634464263916
582,0.5078125,1.1809780597686768,6412,,0.5078125,1.1809780597686768
583,0.5625,1.1438170671463013,6423,,0.5625,1.1438170671463013
584,0.5859375,1.0715439319610596,6434,,0.5859375,1.0715439319610596
585,0.53125,1.1289315223693848,6445,,0.53125,1.1289315223693848
586,,,6449,1.0039877891540527,,
586,0.5625,1.1160054206848145,6456,,0.5625,1.1160054206848145
587,0.4296875,1.2688738107681274,6467,,0.4296875,1.2688738107681274
588,0.5625,1.2466387748718262,6478,,0.5625,1.2466387748718262
589,0.53125,1.1318533420562744,6489,,0.53125,1.1318533420562744
590,,,6499,0.5644406676292419,,
590,0.6796875,0.8755474090576172,6500,,0.6796875,0.8755474090576172
591,0.375,1.386315107345581,6511,,0.375,1.386315107345581
592,0.46875,1.3238868713378906,6522,,0.46875,1.3238868713378906
593,0.4609375,1.2460229396820068,6533,,0.4609375,1.2460229396820068
594,0.609375,1.1009265184402466,6544,,0.609375,1.1009265184402466
595,,,6549,0.5557306408882141,,
595,0.484375,1.1741337776184082,6555,,0.484375,1.1741337776184082
596,0.484375,1.2533526420593262,6566,,0.484375,1.2533526420593262
597,0.5078125,1.2083274126052856,6577,,0.5078125,1.2083274126052856
598,0.5859375,1.0347445011138916,6588,,0.5859375,1.0347445011138916
599,,,6599,0.4283146262168884,,
599,0.59375,1.235074758529663,6599,,0.59375,1.235074758529663
600,0.6484375,0.93690425157547,6610,,0.6484375,0.93690425157547
601,0.421875,1.284822702407837,6621,,0.421875,1.284822702407837
602,0.4609375,1.290528416633606,6632,,0.4609375,1.290528416633606
603,0.390625,1.2981065511703491,6643,,0.390625,1.2981065511703491
604,,,6649,0.8026056885719299,,
604,0.5,1.1642354726791382,6654,,0.5,1.1642354726791382
605,0.484375,1.1531121730804443,6665,,0.484375,1.1531121730804443
606,0.578125,1.1022868156433105,6676,,0.578125,1.1022868156433105
607,0.53125,1.033405065536499,6687,,0.53125,1.033405065536499
608,0.671875,0.8867629766464233,6698,,0.671875,0.8867629766464233
609,,,6699,1.2427914142608643,,
609,0.59375,1.037865161895752,6709,,0.59375,1.037865161895752
610,0.6015625,0.9485359787940979,6720,,0.6015625,0.9485359787940979
611,0.46875,1.2663322687149048,6731,,0.46875,1.2663322687149048
612,0.5,1.2155365943908691,6742,,0.5,1.2155365943908691
613,,,6749,0.46352773904800415,,
613,0.46875,1.2250834703445435,6753,,0.46875,1.2250834703445435
614,0.4296875,1.3650774955749512,6764,,0.4296875,1.3650774955749512
615,0.4765625,1.537271499633789,6775,,0.4765625,1.537271499633789
616,0.65625,0.9754868149757385,6786,,0.65625,0.9754868149757385
617,0.6875,0.8937724232673645,6797,,0.6875,0.8937724232673645
618,,,6799,0.6914548873901367,,
618,0.6484375,0.9136604070663452,6808,,0.6484375,0.9136604070663452
619,0.65625,0.9437163472175598,6819,,0.65625,0.9437163472175598
620,0.65625,0.916840136051178,6830,,0.65625,0.916840136051178
621,0.3984375,1.2419546842575073,6841,,0.3984375,1.2419546842575073
622,,,6849,0.45966559648513794,,
622,0.4765625,1.2556674480438232,6852,,0.4765625,1.2556674480438232
623,0.578125,1.1134226322174072,6863,,0.578125,1.1134226322174072
624,0.328125,1.339469075202942,6874,,0.328125,1.339469075202942
625,0.5078125,1.2368741035461426,6885,,0.5078125,1.2368741035461426
626,0.546875,1.013625979423523,6896,,0.546875,1.013625979423523
627,,,6899,0.628209114074707,,
627,0.453125,1.3364794254302979,6907,,0.453125,1.3364794254302979
628,0.546875,1.1366113424301147,6918,,0.546875,1.1366113424301147
629,0.5,1.0977020263671875,6929,,0.5,1.0977020263671875
630,0.5546875,1.1477360725402832,6940,,0.5546875,1.1477360725402832
631,,,6949,0.5036901235580444,,
631,0.421875,1.3333438634872437,6951,,0.421875,1.3333438634872437
632,0.5546875,1.1611872911453247,6962,,0.5546875,1.1611872911453247
633,0.5703125,1.1301292181015015,6973,,0.5703125,1.1301292181015015
634,0.34375,1.4448758363723755,6984,,0.34375,1.4448758363723755
635,0.265625,1.5887064933776855,6995,,0.265625,1.5887064933776855
636,,,6999,0.7338775396347046,,
636,0.5078125,1.272660255432129,7006,,0.5078125,1.272660255432129
637,0.5390625,1.1281620264053345,7017,,0.5390625,1.1281620264053345
638,0.5234375,1.1755784749984741,7028,,0.5234375,1.1755784749984741
639,0.4375,1.340589165687561,7039,,0.4375,1.340589165687561
640,,,7049,0.6467001438140869,,
640,0.546875,1.436398983001709,7050,,0.546875,1.436398983001709
641,0.421875,1.3431305885314941,7061,,0.421875,1.3431305885314941
642,0.4453125,1.2279402017593384,7072,,0.4453125,1.2279402017593384
643,0.4921875,1.206753134727478,7083,,0.4921875,1.206753134727478
644,0.4609375,1.2160717248916626,7094,,0.4609375,1.2160717248916626
645,,,7099,0.4451625347137451,,
645,0.5,1.2557733058929443,7105,,0.5,1.2557733058929443
646,0.375,1.5313252210617065,7116,,0.375,1.5313252210617065
647,0.5703125,1.100745439529419,7127,,0.5703125,1.100745439529419
648,0.6015625,1.0371060371398926,7138,,0.6015625,1.0371060371398926
649,,,7149,0.270662784576416,,
649,0.6328125,0.9113474488258362,7149,,0.6328125,0.9113474488258362
650,0.5546875,1.1398910284042358,7160,,0.5546875,1.1398910284042358
651,0.3828125,1.4413148164749146,7171,,0.3828125,1.4413148164749146
652,0.5625,1.2016748189926147,7182,,0.5625,1.2016748189926147
653,0.5546875,1.118742823600769,7193,,0.5546875,1.118742823600769
654,,,7199,0.34943413734436035,,
654,0.5390625,1.1146399974822998,7204,,0.5390625,1.1146399974822998
655,0.5625,1.085102915763855,7215,,0.5625,1.085102915763855
656,0.53125,1.1434179544448853,7226,,0.53125,1.1434179544448853
657,0.5390625,1.3110185861587524,7237,,0.5390625,1.3110185861587524
658,0.6015625,0.9494640231132507,7248,,0.6015625,0.9494640231132507
659,,,7249,0.5167586803436279,,
659,0.5234375,1.2371588945388794,7259,,0.5234375,1.2371588945388794
660,0.65625,0.9293721318244934,7270,,0.65625,0.9293721318244934
661,0.3984375,1.3562507629394531,7281,,0.3984375,1.3562507629394531
662,0.40625,1.3786529302597046,7292,,0.40625,1.3786529302597046
663,,,7299,0.5281358361244202,,
663,0.515625,1.1397348642349243,7303,,0.515625,1.1397348642349243
664,0.46875,1.648329734802246,7314,,0.46875,1.648329734802246
665,0.4609375,1.3510184288024902,7325,,0.4609375,1.3510184288024902
666,0.578125,1.064877986907959,7336,,0.578125,1.064877986907959
667,0.5859375,1.086181879043579,7347,,0.5859375,1.086181879043579
668,,,7349,0.4867307245731354,,
668,0.6015625,0.9807891845703125,7358,,0.6015625,0.9807891845703125
669,0.6015625,0.9461749196052551,7369,,0.6015625,0.9461749196052551
670,0.578125,1.348010540008545,7380,,0.578125,1.348010540008545
671,0.3671875,1.5010011196136475,7391,,0.3671875,1.5010011196136475
672,,,7399,0.7788665890693665,,
672,0.484375,1.2110047340393066,7402,,0.484375,1.2110047340393066
673,0.4921875,1.2216918468475342,7413,,0.4921875,1.2216918468475342
674,0.4453125,1.3296046257019043,7424,,0.4453125,1.3296046257019043
675,0.515625,1.1300524473190308,7435,,0.515625,1.1300524473190308
676,0.625,1.0083246231079102,7446,,0.625,1.0083246231079102
677,,,7449,0.43875160813331604,,
677,0.5546875,1.1127562522888184,7457,,0.5546875,1.1127562522888184
678,0.625,0.9219404458999634,7468,,0.625,0.9219404458999634
679,0.625,0.9429934620857239,7479,,0.625,0.9429934620857239
680,0.609375,0.9874386787414551,7490,,0.609375,0.9874386787414551
681,,,7499,0.5893668532371521,,
681,0.390625,1.3188494443893433,7501,,0.390625,1.3188494443893433
682,0.5,1.5061432123184204,7512,,0.5,1.5061432123184204
683,0.4765625,1.2297331094741821,7523,,0.4765625,1.2297331094741821
684,0.4453125,1.4568666219711304,7534,,0.4453125,1.4568666219711304
685,0.515625,1.3733924627304077,7545,,0.515625,1.3733924627304077
686,,,7549,0.8293064832687378,,
686,0.609375,1.0095676183700562,7556,,0.609375,1.0095676183700562
687,0.5390625,1.132631778717041,7567,,0.5390625,1.132631778717041
688,0.609375,0.981499969959259,7578,,0.609375,0.981499969959259
689,0.5390625,1.2028076648712158,7589,,0.5390625,1.2028076648712158
690,,,7599,0.4497252106666565,,
690,0.515625,1.0461902618408203,7600,,0.515625,1.0461902618408203
691,0.359375,1.254439353942871,7611,,0.359375,1.254439353942871
692,0.453125,1.4456804990768433,7622,,0.453125,1.4456804990768433
693,0.6171875,1.1541990041732788,7633,,0.6171875,1.1541990041732788
694,0.6171875,1.063705563545227,7644,,0.6171875,1.063705563545227
695,,,7649,0.8592904210090637,,
695,0.5234375,1.2592321634292603,7655,,0.5234375,1.2592321634292603
696,0.5703125,1.1014763116836548,7666,,0.5703125,1.1014763116836548
697,0.546875,1.1900699138641357,7677,,0.546875,1.1900699138641357
698,0.578125,0.990630567073822,7688,,0.578125,0.990630567073822
699,,,7699,0.33402836322784424,,
699,0.5390625,1.1588406562805176,7699,,0.5390625,1.1588406562805176
700,0.6171875,0.9546380043029785,7710,,0.6171875,0.9546380043029785
701,0.3984375,1.3241766691207886,7721,,0.3984375,1.3241766691207886
702,0.4140625,1.3532307147979736,7732,,0.4140625,1.3532307147979736
703,0.5625,1.1312037706375122,7743,,0.5625,1.1312037706375122
704,,,7749,0.5578070282936096,,
704,0.5078125,1.4029747247695923,7754,,0.5078125,1.4029747247695923
705,0.609375,0.9882887601852417,7765,,0.609375,0.9882887601852417
706,0.53125,1.2265987396240234,7776,,0.53125,1.2265987396240234
707,0.5,1.264447808265686,7787,,0.5,1.264447808265686
708,0.578125,1.0114775896072388,7798,,0.578125,1.0114775896072388
709,,,7799,0.8284000158309937,,
709,0.6640625,0.891321063041687,7809,,0.6640625,0.891321063041687
710,0.6484375,0.8550000786781311,7820,,0.6484375,0.8550000786781311
711,0.421875,1.4391355514526367,7831,,0.421875,1.4391355514526367
712,0.3671875,1.5448142290115356,7842,,0.3671875,1.5448142290115356
713,,,7849,0.43624347448349,,
713,0.5625,1.2069913148880005,7853,,0.5625,1.2069913148880005
714,0.5625,1.1014599800109863,7864,,0.5625,1.1014599800109863
715,0.5,1.1676356792449951,7875,,0.5,1.1676356792449951
716,0.5078125,1.07142174243927,7886,,0.5078125,1.07142174243927
717,0.609375,0.9601073265075684,7897,,0.609375,0.9601073265075684
718,,,7899,0.3886069655418396,,
718,0.515625,1.5908536911010742,7908,,0.515625,1.5908536911010742
719,0.515625,1.1346404552459717,7919,,0.515625,1.1346404552459717
720,0.5546875,1.111179232597351,7930,,0.5546875,1.111179232597351
721,0.4140625,1.3644999265670776,7941,,0.4140625,1.3644999265670776
722,,,7949,0.3452754616737366,,
722,0.4921875,1.1598135232925415,7952,,0.4921875,1.1598135232925415
723,0.5546875,1.1083611249923706,7963,,0.5546875,1.1083611249923706
724,0.453125,1.3032417297363281,7974,,0.453125,1.3032417297363281
725,0.53125,1.203555703163147,7985,,0.53125,1.203555703163147
726,0.375,1.7149577140808105,7996,,0.375,1.7149577140808105
727,,,7999,0.6933488249778748,,
727,0.5546875,1.0329389572143555,8007,,0.5546875,1.0329389572143555
728,0.6640625,0.8654879927635193,8018,,0.6640625,0.8654879927635193
729,0.421875,1.6945477724075317,8029,,0.421875,1.6945477724075317
730,0.640625,0.9210057854652405,8040,,0.640625,0.9210057854652405
731,,,8049,0.5604833364486694,,
731,0.375,1.4221268892288208,8051,,0.375,1.4221268892288208
732,0.484375,1.1970882415771484,8062,,0.484375,1.1970882415771484
733,0.34375,1.61536705493927,8073,,0.34375,1.61536705493927
734,0.5703125,1.1528923511505127,8084,,0.5703125,1.1528923511505127
735,0.5546875,1.0519938468933105,8095,,0.5546875,1.0519938468933105
736,,,8099,0.33894678950309753,,
736,0.390625,1.51952064037323,8106,,0.390625,1.51952064037323
737,0.4765625,1.265367031097412,8117,,0.4765625,1.265367031097412
738,0.625,0.9790204167366028,8128,,0.625,0.9790204167366028
739,0.625,0.9580080509185791,8139,,0.625,0.9580080509185791
740,,,8149,0.5741603374481201,,
740,0.6015625,1.1302083730697632,8150,,0.6015625,1.1302083730697632
741,0.375,1.3294626474380493,8161,,0.375,1.3294626474380493
742,0.4921875,1.2128297090530396,8172,,0.4921875,1.2128297090530396
743,0.5078125,1.169190526008606,8183,,0.5078125,1.169190526008606
744,0.578125,1.1449872255325317,8194,,0.578125,1.1449872255325317
745,,,8199,0.3671402335166931,,
745,0.421875,1.3506160974502563,8205,,0.421875,1.3506160974502563
746,0.484375,1.298392653465271,8216,,0.484375,1.298392653465271
747,0.59375,0.9842259883880615,8227,,0.59375,0.9842259883880615
748,0.5703125,1.082619071006775,8238,,0.5703125,1.082619071006775
749,,,8249,0.23523655533790588,,
749,0.6171875,1.0731446743011475,8249,,0.6171875,1.0731446743011475
750,0.6171875,1.0399587154388428,8260,,0.6171875,1.0399587154388428
751,0.4375,1.252068042755127,8271,,0.4375,1.252068042755127
752,0.4140625,1.4112247228622437,8282,,0.4140625,1.4112247228622437
753,0.5390625,1.1416192054748535,8293,,0.5390625,1.1416192054748535
754,,,8299,0.33219048380851746,,
754,0.390625,1.3547800779342651,8304,,0.390625,1.3547800779342651
755,0.53125,1.3821967840194702,8315,,0.53125,1.3821967840194702
756,0.5390625,1.069970965385437,8326,,0.5390625,1.069970965385437
757,0.65625,0.8969686031341553,8337,,0.65625,0.8969686031341553
758,0.5078125,1.528929591178894,8348,,0.5078125,1.528929591178894
759,,,8349,0.3560851812362671,,
759,0.6484375,0.9039483070373535,8359,,0.6484375,0.9039483070373535
760,0.640625,0.8996758460998535,8370,,0.640625,0.8996758460998535
761,0.484375,1.2154356241226196,8381,,0.484375,1.2154356241226196
762,0.34375,1.5629202127456665,8392,,0.34375,1.5629202127456665
763,,,8399,0.3731575906276703,,
763,0.5703125,1.1137080192565918,8403,,0.5703125,1.1137080192565918
764,0.625,1.0220022201538086,8414,,0.625,1.0220022201538086
765,0.65625,0.9907692670822144,8425,,0.65625,0.9907692670822144
766,0.5859375,1.0397545099258423,8436,,0.5859375,1.0397545099258423
767,0.6171875,1.0413987636566162,8447,,0.6171875,1.0413987636566162
768,,,8449,0.49049967527389526,,
768,0.421875,1.736592173576355,8458,,0.421875,1.736592173576355
769,0.6796875,0.893798291683197,8469,,0.6796875,0.893798291683197
770,0.53125,1.058930516242981,8480,,0.53125,1.058930516242981
771,0.34375,1.3638114929199219,8491,,0.34375,1.3638114929199219
772,,,8499,0.5375387668609619,,
772,0.4921875,1.2355400323867798,8502,,0.4921875,1.2355400323867798
773,0.4921875,1.2587648630142212,8513,,0.4921875,1.2587648630142212
774,0.5,1.2479286193847656,8524,,0.5,1.2479286193847656
775,0.3828125,1.5387767553329468,8535,,0.3828125,1.5387767553329468
776,0.53125,1.3078041076660156,8546,,0.53125,1.3078041076660156
777,,,8549,0.8389901518821716,,
777,0.5703125,1.0836799144744873,8557,,0.5703125,1.0836799144744873
778,0.53125,1.3922122716903687,8568,,0.53125,1.3922122716903687
779,0.53125,1.4356186389923096,8579,,0.53125,1.4356186389923096
780,0.515625,1.1483262777328491,8590,,0.515625,1.1483262777328491
781,,,8599,0.3529929220676422,,
781,0.421875,1.2889482975006104,8601,,0.421875,1.2889482975006104
782,0.484375,1.500291347503662,8612,,0.484375,1.500291347503662
783,0.5,1.1949331760406494,8623,,0.5,1.1949331760406494
784,0.3984375,1.657026767730713,8634,,0.3984375,1.657026767730713
785,0.3828125,1.3540842533111572,8645,,0.3828125,1.3540842533111572
786,,,8649,0.41965964436531067,,
786,0.4765625,1.204595923423767,8656,,0.4765625,1.204595923423767
787,0.578125,1.0773346424102783,8667,,0.578125,1.0773346424102783
788,0.640625,0.8854430317878723,8678,,0.640625,0.8854430317878723
789,0.671875,0.9084073305130005,8689,,0.671875,0.9084073305130005
790,,,8699,0.4663670063018799,,
790,0.421875,1.9649193286895752,8700,,0.421875,1.9649193286895752
791,0.421875,1.2729986906051636,8711,,0.421875,1.2729986906051636
792,0.4765625,1.2343132495880127,8722,,0.4765625,1.2343132495880127
793,0.546875,1.111671805381775,8733,,0.546875,1.111671805381775
794,0.59375,1.040268063545227,8744,,0.59375,1.040268063545227
795,,,8749,0.3698410093784332,,
795,0.5234375,1.444633960723877,8755,,0.5234375,1.444633960723877
796,0.625,0.9575514793395996,8766,,0.625,0.9575514793395996
797,0.5859375,1.1895391941070557,8777,,0.5859375,1.1895391941070557
798,0.59375,0.9657728672027588,8788,,0.59375,0.9657728672027588
799,,,8799,0.296440988779068,,
799,0.5703125,1.0237746238708496,8799,,0.5703125,1.0237746238708496
